{"cameraMode":{"drawMode":0,"name":"Shaded","section":"Shading Mode"},"sceneLighting":true,"audioPlay":false,"sceneViewState":{"showFog":true,"showMaterialUpdate":false,"showSkybox":true,"showFlares":true,"showImageEffects":true,"showParticleSystems":true},"in2DMode":false,"pivot":{"x":-3.308380603790283,"y":3.8859786987304689,"z":0.04620170593261719},"rotation":{"x":-0.3530660569667816,"y":0.209847554564476,"z":-0.0815877616405487,"w":-0.9081035852432251},"size":16.019113540649415,"orthographic":false}